,link
0,https://www.realmaster.com/en/toronto-on/283-adelaide-street-west/04-RM1-35093?d=https://www.realmaster.com/en/for-sale/Toronto-ON?page=1
1,https://www.realmaster.com/en/toronto-on/77-crosland-dr/wexford-maryvale-TRBE5067322?d=https://www.realmaster.com/en/for-sale/Toronto-ON?page=1
2,https://www.realmaster.com/en/toronto-on/206-dunforest-ave/willowdale-east-TRBC4919780?d=https://www.realmaster.com/en/for-sale/Toronto-ON?page=1
3,https://www.realmaster.com/en/toronto-on/60-colborne-st/1505-church-yonge-corridor-TRBC5069867?d=https://www.realmaster.com/en/for-sale/Toronto-ON?page=1
4,https://www.realmaster.com/en/toronto-on/19-broadleaf-rd/banbury-don-mills-TRBC5067413?d=https://www.realmaster.com/en/for-sale/Toronto-ON?page=1
5,https://www.realmaster.com/en/toronto-on/11-thorncliffe-park-dr/604-DDF22617848?d=https://www.realmaster.com/en/for-sale/Toronto-ON?page=1
6,https://www.realmaster.com/en/toronto-on/15a-oak-st/weston-TRBW5071577?d=https://www.realmaster.com/en/for-sale/Toronto-ON?page=1
7,https://www.realmaster.com/en/toronto-on/17-daystrom-dr/humbermede-TRBW5071572?d=https://www.realmaster.com/en/for-sale/Toronto-ON?page=1
8,https://www.realmaster.com/en/toronto-on/67-pembroke-st/moss-park-TRBC5071563?d=https://www.realmaster.com/en/for-sale/Toronto-ON?page=1
9,https://www.realmaster.com/en/toronto-on/20-joe-shuster-way/201-niagara-TRBC5071578?d=https://www.realmaster.com/en/for-sale/Toronto-ON?page=1
10,https://www.realmaster.com/en/toronto-on/955-queen-st-w/ph20-trinity-bellwoods-TRBC5071438?d=https://www.realmaster.com/en/for-sale/Toronto-ON?page=1
11,https://www.realmaster.com/en/toronto-on/320-richmond-st-e/701-moss-park-TRBC5061671?d=https://www.realmaster.com/en/for-sale/Toronto-ON?page=1
12,https://www.realmaster.com/en/toronto-on/18-holmes-ave/2412-willowdale-east-TRBC5004855?d=https://www.realmaster.com/en/for-sale/Toronto-ON?page=1
13,https://www.realmaster.com/en/toronto-on/233-simcoe-street/%E6%97%A0-RM1-33121?d=https://www.realmaster.com/en/for-sale/Toronto-ON?page=1
14,https://www.realmaster.com/en/toronto-on/38-alberta-ave/wychwood-TRBC5071158?d=https://www.realmaster.com/en/for-sale/Toronto-ON?page=1
15,https://www.realmaster.com/en/toronto-on/778-avenue-rd/forest-hill-south-TRBC5064090?d=https://www.realmaster.com/en/for-sale/Toronto-ON?page=1
16,https://www.realmaster.com/en/toronto-on/107-yorkview-dr/willowdale-west-TRBC5059985?d=https://www.realmaster.com/en/for-sale/Toronto-ON?page=1
17,https://www.realmaster.com/en/toronto-on/62-tranby-ave/annex-TRBC4974793?d=https://www.realmaster.com/en/for-sale/Toronto-ON?page=1
18,https://www.realmaster.com/en/toronto-on/326-wellesley-st-e/cabbagetown-south-st-james-town-TRBC4922671?d=https://www.realmaster.com/en/for-sale/Toronto-ON?page=1
19,https://www.realmaster.com/en/toronto-on/5-valhalla-inn-rd/2305-islington-city-centre-west-TRBW5058579?d=https://www.realmaster.com/en/for-sale/Toronto-ON?page=1
20,https://www.realmaster.com/en/toronto-on/503-beecroft-rd/1908-willowdale-west-TRBC5071551?d=https://www.realmaster.com/en/for-sale/Toronto-ON?page=1
21,https://www.realmaster.com/en/toronto-on/801-king-st-w/717-niagara-TRBC5057674?d=https://www.realmaster.com/en/for-sale/Toronto-ON?page=1
22,https://www.realmaster.com/en/toronto-on/59-east-liberty-st/1902-niagara-TRBC5053581?d=https://www.realmaster.com/en/for-sale/Toronto-ON?page=1
23,https://www.realmaster.com/en/toronto-on/500-queens-quay-w-quay/917e-waterfront-communities-c1-TRBC4994590?d=https://www.realmaster.com/en/for-sale/Toronto-ON?page=1
24,https://www.realmaster.com/en/toronto-on/343-oconnor-dr/east-york-TRBE4876327?d=https://www.realmaster.com/en/for-sale/Toronto-ON?page=1
25,https://www.realmaster.com/en/toronto-on/620-bathurst-st/palmerston-little-italy-TRBC4981877?d=https://www.realmaster.com/en/for-sale/Toronto-ON?page=1
26,https://www.realmaster.com/en/toronto-on/10-thwaite-ave/glenfield-jane-heights-TRBW5069847?d=https://www.realmaster.com/en/for-sale/Toronto-ON?page=1
27,https://www.realmaster.com/en/toronto-on/25-rubydale-gdns/humber-summit-TRBW4966551?d=https://www.realmaster.com/en/for-sale/Toronto-ON?page=1
28,https://www.realmaster.com/en/toronto-on/330-byng-ave/willowdale-east-TRBC5071544?d=https://www.realmaster.com/en/for-sale/Toronto-ON?page=1
29,https://www.realmaster.com/en/toronto-on/620-bathurst-st/palmerston-little-italy-TRBC4981875?d=https://www.realmaster.com/en/for-sale/Toronto-ON?page=1
30,https://www.realmaster.com/en/toronto-on/2464-weston-rd/107-weston-TRBW5071545?d=https://www.realmaster.com/en/for-sale/Toronto-ON?page=1
31,https://www.realmaster.com/en/toronto-on/183-william-duncan-rd/10-downsview-roding-cfb-TRBW5067111?d=https://www.realmaster.com/en/for-sale/Toronto-ON?page=1
32,https://www.realmaster.com/en/toronto-on/30-meadowglen-pl/2606-woburn-TRBE5067898?d=https://www.realmaster.com/en/for-sale/Toronto-ON?page=1
33,https://www.realmaster.com/en/toronto-on/2150-lawrence-ave-e/1002-wexford-maryvale-TRBE4948038?d=https://www.realmaster.com/en/for-sale/Toronto-ON?page=1
34,https://www.realmaster.com/en/toronto-on/88-scott-st/1204-church-yonge-corridor-TRBC5059208?d=https://www.realmaster.com/en/for-sale/Toronto-ON?page=1
